{
  "v": "5.3.4",
  "fr": 60,
  "ip": 0,
  "op": 244,
  "w": 200,
  "h": 200,
  "nm": "loading 2",
  "ddd": 0,
  "assets": [
    {
      "id": "comp_0",
      "layers": [
        {
          "ddd": 0,
          "ind": 1,
          "ty": 4,
          "nm": "Shape Layer 14",
          "sr": 1,
          "ks": {
            "o": { "a": 0, "k": 100, "ix": 11 },
            "r": {
              "a": 1,
              "k": [
                {
                  "i": { "x": [0], "y": [1] },
                  "o": { "x": [0.693], "y": [0] },
                  "n": ["0_1_0p693_0"],
                  "t": 162,
                  "s": [180],
                  "e": [360]
                },
                { "t": 202 }
              ],
              "ix": 10
            },
            "p": { "a": 0, "k": [150, 150, 0], "ix": 2 },
            "a": { "a": 0, "k": [40, 0, 0], "ix": 1 },
            "s": { "a": 0, "k": [100, 100, 100], "ix": 6 }
          },
          "ao": 0,
          "shapes": [
            {
              "d": 1,
              "ty": "el",
              "s": { "a": 0, "k": [20, 20], "ix": 2 },
              "p": { "a": 0, "k": [0, 0], "ix": 3 },
              "nm": "Ellipse Path 1",
              "mn": "ADBE Vector Shape - Ellipse",
              "hd": false
            },
            {
              "ty": "fl",
              "c": {
                "a": 0,
                "k": [0.223529411765, 0.364705882353, 1, 1],
                "ix": 4
              },
              "o": { "a": 0, "k": 100, "ix": 5 },
              "r": 1,
              "nm": "Fill 1",
              "mn": "ADBE Vector Graphic - Fill",
              "hd": false
            }
          ],
          "ip": 162,
          "op": 244,
          "st": 162,
          "bm": 0
        },
        {
          "ddd": 0,
          "ind": 2,
          "ty": 4,
          "nm": "Shape Layer 13",
          "sr": 1,
          "ks": {
            "o": { "a": 0, "k": 100, "ix": 11 },
            "r": {
              "a": 1,
              "k": [
                {
                  "i": { "x": [0], "y": [1] },
                  "o": { "x": [0.802], "y": [0] },
                  "n": ["0_1_0p802_0"],
                  "t": 192,
                  "s": [0],
                  "e": [179]
                },
                {
                  "i": { "x": [0.833], "y": [1] },
                  "o": { "x": [0.333], "y": [0] },
                  "n": ["0p833_1_0p333_0"],
                  "t": 242,
                  "s": [179],
                  "e": [0]
                },
                { "t": 282 }
              ],
              "ix": 10
            },
            "p": {
              "a": 1,
              "k": [
                {
                  "i": { "x": 0.667, "y": 0.667 },
                  "o": { "x": 0.333, "y": 0.333 },
                  "n": "0p667_0p667_0p333_0p333",
                  "t": 192,
                  "s": [170, 150, 0],
                  "e": [170, 150, 0],
                  "to": [0, 0, 0],
                  "ti": [0, 0, 0]
                },
                {
                  "i": { "x": 0.833, "y": 0.833 },
                  "o": { "x": 0.333, "y": 0.333 },
                  "n": "0p833_0p833_0p333_0p333",
                  "t": 242,
                  "s": [170, 150, 0],
                  "e": [170, 150, 0],
                  "to": [0, 0, 0],
                  "ti": [0, 0, 0]
                },
                {
                  "i": { "x": 0.667, "y": 0.667 },
                  "o": { "x": 0.333, "y": 0.333 },
                  "n": "0p667_0p667_0p333_0p333",
                  "t": 282,
                  "s": [170, 150, 0],
                  "e": [170, 150, 0],
                  "to": [0, 0, 0],
                  "ti": [0, 0, 0]
                },
                { "t": 323 }
              ],
              "ix": 2
            },
            "a": { "a": 0, "k": [20, 0, 0], "ix": 1 },
            "s": { "a": 0, "k": [100, 100, 100], "ix": 6 }
          },
          "ao": 0,
          "shapes": [
            {
              "d": 1,
              "ty": "el",
              "s": { "a": 0, "k": [20, 20], "ix": 2 },
              "p": { "a": 0, "k": [0, 0], "ix": 3 },
              "nm": "Ellipse Path 1",
              "mn": "ADBE Vector Shape - Ellipse",
              "hd": false
            },
            {
              "ty": "fl",
              "c": {
                "a": 0,
                "k": [0.650980392157, 0.545098039216, 1, 1],
                "ix": 4
              },
              "o": { "a": 0, "k": 100, "ix": 5 },
              "r": 1,
              "nm": "Fill 1",
              "mn": "ADBE Vector Graphic - Fill",
              "hd": false
            }
          ],
          "ip": 162,
          "op": 244,
          "st": 162,
          "bm": 0
        },
        {
          "ddd": 0,
          "ind": 3,
          "ty": 4,
          "nm": "Shape Layer 12",
          "parent": 11,
          "sr": 1,
          "ks": {
            "o": { "a": 0, "k": 100, "ix": 11 },
            "r": {
              "a": 1,
              "k": [
                {
                  "i": { "x": [0], "y": [1] },
                  "o": { "x": [0.693], "y": [0] },
                  "n": ["0_1_0p693_0"],
                  "t": 162,
                  "s": [0],
                  "e": [180]
                },
                { "t": 202 }
              ],
              "ix": 10
            },
            "p": { "a": 0, "k": [-20, 0, 0], "ix": 2 },
            "a": { "a": 0, "k": [40, 0, 0], "ix": 1 },
            "s": { "a": 0, "k": [100, 100, 100], "ix": 6 }
          },
          "ao": 0,
          "shapes": [
            {
              "d": 1,
              "ty": "el",
              "s": { "a": 0, "k": [20, 20], "ix": 2 },
              "p": { "a": 0, "k": [0, 0], "ix": 3 },
              "nm": "Ellipse Path 1",
              "mn": "ADBE Vector Shape - Ellipse",
              "hd": false
            },
            {
              "ty": "fl",
              "c": {
                "a": 0,
                "k": [1, 0.333333333333, 0.427450980392, 1],
                "ix": 4
              },
              "o": { "a": 0, "k": 100, "ix": 5 },
              "r": 1,
              "nm": "填充 1",
              "mn": "ADBE Vector Graphic - Fill",
              "hd": false
            }
          ],
          "ip": 162,
          "op": 244,
          "st": 162,
          "bm": 0
        },
        {
          "ddd": 0,
          "ind": 4,
          "ty": 4,
          "nm": "Shape Layer 11",
          "parent": 12,
          "sr": 1,
          "ks": {
            "o": { "a": 0, "k": 100, "ix": 11 },
            "r": {
              "a": 1,
              "k": [
                {
                  "i": { "x": [0], "y": [1] },
                  "o": { "x": [0.693], "y": [0] },
                  "n": ["0_1_0p693_0"],
                  "t": 80,
                  "s": [0],
                  "e": [180]
                },
                { "t": 120 }
              ],
              "ix": 10
            },
            "p": { "a": 0, "k": [-20, 0, 0], "ix": 2 },
            "a": { "a": 0, "k": [40, 0, 0], "ix": 1 },
            "s": { "a": 0, "k": [100, 100, 100], "ix": 6 }
          },
          "ao": 0,
          "shapes": [
            {
              "d": 1,
              "ty": "el",
              "s": { "a": 0, "k": [20, 20], "ix": 2 },
              "p": { "a": 0, "k": [0, 0], "ix": 3 },
              "nm": "Ellipse Path 1",
              "mn": "ADBE Vector Shape - Ellipse",
              "hd": false
            },
            {
              "ty": "fl",
              "c": {
                "a": 0,
                "k": [0.650980392157, 0.545098039216, 1, 1],
                "ix": 4
              },
              "o": { "a": 0, "k": 100, "ix": 5 },
              "r": 1,
              "nm": "填充 1",
              "mn": "ADBE Vector Graphic - Fill",
              "hd": false
            }
          ],
          "ip": 80,
          "op": 162,
          "st": 80,
          "bm": 0
        },
        {
          "ddd": 0,
          "ind": 5,
          "ty": 4,
          "nm": "Shape Layer 10",
          "sr": 1,
          "ks": {
            "o": { "a": 0, "k": 100, "ix": 11 },
            "r": {
              "a": 1,
              "k": [
                {
                  "i": { "x": [0], "y": [1] },
                  "o": { "x": [0.802], "y": [0] },
                  "n": ["0_1_0p802_0"],
                  "t": 110,
                  "s": [0],
                  "e": [179]
                },
                {
                  "i": { "x": [0.833], "y": [1] },
                  "o": { "x": [0.333], "y": [0] },
                  "n": ["0p833_1_0p333_0"],
                  "t": 160,
                  "s": [179],
                  "e": [0]
                },
                { "t": 200 }
              ],
              "ix": 10
            },
            "p": {
              "a": 1,
              "k": [
                {
                  "i": { "x": 0.667, "y": 0.667 },
                  "o": { "x": 0.333, "y": 0.333 },
                  "n": "0p667_0p667_0p333_0p333",
                  "t": 110,
                  "s": [170, 150, 0],
                  "e": [170, 150, 0],
                  "to": [0, 0, 0],
                  "ti": [0, 0, 0]
                },
                {
                  "i": { "x": 0.833, "y": 0.833 },
                  "o": { "x": 0.333, "y": 0.333 },
                  "n": "0p833_0p833_0p333_0p333",
                  "t": 160,
                  "s": [170, 150, 0],
                  "e": [170, 150, 0],
                  "to": [0, 0, 0],
                  "ti": [0, 0, 0]
                },
                {
                  "i": { "x": 0.667, "y": 0.667 },
                  "o": { "x": 0.333, "y": 0.333 },
                  "n": "0p667_0p667_0p333_0p333",
                  "t": 200,
                  "s": [170, 150, 0],
                  "e": [170, 150, 0],
                  "to": [0, 0, 0],
                  "ti": [0, 0, 0]
                },
                { "t": 241 }
              ],
              "ix": 2
            },
            "a": { "a": 0, "k": [20, 0, 0], "ix": 1 },
            "s": { "a": 0, "k": [100, 100, 100], "ix": 6 }
          },
          "ao": 0,
          "shapes": [
            {
              "d": 1,
              "ty": "el",
              "s": { "a": 0, "k": [20, 20], "ix": 2 },
              "p": { "a": 0, "k": [0, 0], "ix": 3 },
              "nm": "Ellipse Path 1",
              "mn": "ADBE Vector Shape - Ellipse",
              "hd": false
            },
            {
              "ty": "fl",
              "c": {
                "a": 0,
                "k": [0.223529411765, 0.364705882353, 1, 1],
                "ix": 4
              },
              "o": { "a": 0, "k": 100, "ix": 5 },
              "r": 1,
              "nm": "Fill 1",
              "mn": "ADBE Vector Graphic - Fill",
              "hd": false
            }
          ],
          "ip": 80,
          "op": 162,
          "st": 80,
          "bm": 0
        },
        {
          "ddd": 0,
          "ind": 6,
          "ty": 4,
          "nm": "Shape Layer 9",
          "sr": 1,
          "ks": {
            "o": { "a": 0, "k": 100, "ix": 11 },
            "r": {
              "a": 1,
              "k": [
                {
                  "i": { "x": [0], "y": [1] },
                  "o": { "x": [0.693], "y": [0] },
                  "n": ["0_1_0p693_0"],
                  "t": 80,
                  "s": [180],
                  "e": [360]
                },
                { "t": 120 }
              ],
              "ix": 10
            },
            "p": { "a": 0, "k": [150, 150, 0], "ix": 2 },
            "a": { "a": 0, "k": [40, 0, 0], "ix": 1 },
            "s": { "a": 0, "k": [100, 100, 100], "ix": 6 }
          },
          "ao": 0,
          "shapes": [
            {
              "d": 1,
              "ty": "el",
              "s": { "a": 0, "k": [20, 20], "ix": 2 },
              "p": { "a": 0, "k": [0, 0], "ix": 3 },
              "nm": "Ellipse Path 1",
              "mn": "ADBE Vector Shape - Ellipse",
              "hd": false
            },
            {
              "ty": "fl",
              "c": {
                "a": 0,
                "k": [1, 0.333333333333, 0.427450980392, 1],
                "ix": 4
              },
              "o": { "a": 0, "k": 100, "ix": 5 },
              "r": 1,
              "nm": "Fill 1",
              "mn": "ADBE Vector Graphic - Fill",
              "hd": false
            }
          ],
          "ip": 80,
          "op": 162,
          "st": 80,
          "bm": 0
        },
        {
          "ddd": 0,
          "ind": 7,
          "ty": 4,
          "nm": "Shape Layer 6",
          "sr": 1,
          "ks": {
            "o": { "a": 0, "k": 100, "ix": 11 },
            "r": {
              "a": 1,
              "k": [
                {
                  "i": { "x": [0], "y": [1] },
                  "o": { "x": [0.693], "y": [0] },
                  "n": ["0_1_0p693_0"],
                  "t": 0,
                  "s": [180],
                  "e": [360]
                },
                { "t": 40 }
              ],
              "ix": 10
            },
            "p": { "a": 0, "k": [150, 150, 0], "ix": 2 },
            "a": { "a": 0, "k": [40, 0, 0], "ix": 1 },
            "s": { "a": 0, "k": [100, 100, 100], "ix": 6 }
          },
          "ao": 0,
          "shapes": [
            {
              "d": 1,
              "ty": "el",
              "s": { "a": 0, "k": [20, 20], "ix": 2 },
              "p": { "a": 0, "k": [0, 0], "ix": 3 },
              "nm": "Ellipse Path 1",
              "mn": "ADBE Vector Shape - Ellipse",
              "hd": false
            },
            {
              "ty": "fl",
              "c": {
                "a": 0,
                "k": [0.650980392157, 0.545098039216, 1, 1],
                "ix": 4
              },
              "o": { "a": 0, "k": 100, "ix": 5 },
              "r": 1,
              "nm": "Fill 1",
              "mn": "ADBE Vector Graphic - Fill",
              "hd": false
            }
          ],
          "ip": 0,
          "op": 80,
          "st": 0,
          "bm": 0
        },
        {
          "ddd": 0,
          "ind": 8,
          "ty": 4,
          "nm": "Shape Layer 7",
          "sr": 1,
          "ks": {
            "o": { "a": 0, "k": 100, "ix": 11 },
            "r": {
              "a": 1,
              "k": [
                {
                  "i": { "x": [0], "y": [1] },
                  "o": { "x": [0.802], "y": [0] },
                  "n": ["0_1_0p802_0"],
                  "t": 30,
                  "s": [0],
                  "e": [179]
                },
                {
                  "i": { "x": [0.833], "y": [1] },
                  "o": { "x": [0.333], "y": [0] },
                  "n": ["0p833_1_0p333_0"],
                  "t": 80,
                  "s": [179],
                  "e": [0]
                },
                { "t": 120 }
              ],
              "ix": 10
            },
            "p": {
              "a": 1,
              "k": [
                {
                  "i": { "x": 0.667, "y": 0.667 },
                  "o": { "x": 0.333, "y": 0.333 },
                  "n": "0p667_0p667_0p333_0p333",
                  "t": 30,
                  "s": [170, 150, 0],
                  "e": [170, 150, 0],
                  "to": [0, 0, 0],
                  "ti": [0, 0, 0]
                },
                {
                  "i": { "x": 0.833, "y": 0.833 },
                  "o": { "x": 0.333, "y": 0.333 },
                  "n": "0p833_0p833_0p333_0p333",
                  "t": 80,
                  "s": [170, 150, 0],
                  "e": [170, 150, 0],
                  "to": [0, 0, 0],
                  "ti": [0, 0, 0]
                },
                {
                  "i": { "x": 0.667, "y": 0.667 },
                  "o": { "x": 0.333, "y": 0.333 },
                  "n": "0p667_0p667_0p333_0p333",
                  "t": 120,
                  "s": [170, 150, 0],
                  "e": [170, 150, 0],
                  "to": [0, 0, 0],
                  "ti": [0, 0, 0]
                },
                { "t": 161 }
              ],
              "ix": 2
            },
            "a": { "a": 0, "k": [20, 0, 0], "ix": 1 },
            "s": { "a": 0, "k": [100, 100, 100], "ix": 6 }
          },
          "ao": 0,
          "shapes": [
            {
              "d": 1,
              "ty": "el",
              "s": { "a": 0, "k": [20, 20], "ix": 2 },
              "p": { "a": 0, "k": [0, 0], "ix": 3 },
              "nm": "Ellipse Path 1",
              "mn": "ADBE Vector Shape - Ellipse",
              "hd": false
            },
            {
              "ty": "fl",
              "c": {
                "a": 0,
                "k": [1, 0.333333333333, 0.427450980392, 1],
                "ix": 4
              },
              "o": { "a": 0, "k": 100, "ix": 5 },
              "r": 1,
              "nm": "Fill 1",
              "mn": "ADBE Vector Graphic - Fill",
              "hd": false
            }
          ],
          "ip": 0,
          "op": 80,
          "st": 0,
          "bm": 0
        },
        {
          "ddd": 0,
          "ind": 10,
          "ty": 4,
          "nm": "Shape Layer 8",
          "parent": 13,
          "sr": 1,
          "ks": {
            "o": { "a": 0, "k": 100, "ix": 11 },
            "r": {
              "a": 1,
              "k": [
                {
                  "i": { "x": [0], "y": [1] },
                  "o": { "x": [0.693], "y": [0] },
                  "n": ["0_1_0p693_0"],
                  "t": 0,
                  "s": [0],
                  "e": [180]
                },
                { "t": 40 }
              ],
              "ix": 10
            },
            "p": { "a": 0, "k": [-20, 0, 0], "ix": 2 },
            "a": { "a": 0, "k": [40, 0, 0], "ix": 1 },
            "s": { "a": 0, "k": [100, 100, 100], "ix": 6 }
          },
          "ao": 0,
          "shapes": [
            {
              "d": 1,
              "ty": "el",
              "s": { "a": 0, "k": [20, 20], "ix": 2 },
              "p": { "a": 0, "k": [0, 0], "ix": 3 },
              "nm": "Ellipse Path 1",
              "mn": "ADBE Vector Shape - Ellipse",
              "hd": false
            },
            {
              "ty": "fl",
              "c": {
                "a": 1,
                "k": [
                  {
                    "i": { "x": [0.833], "y": [0.833] },
                    "o": { "x": [0.167], "y": [0.167] },
                    "n": ["0p833_0p833_0p167_0p167"],
                    "t": -80,
                    "s": [0.854901960784, 0.854901960784, 0.854901960784, 1],
                    "e": [0.223529411765, 0.364705882353, 1, 1]
                  },
                  { "t": 0 }
                ],
                "ix": 4
              },
              "o": { "a": 0, "k": 100, "ix": 5 },
              "r": 1,
              "nm": "Fill 1",
              "mn": "ADBE Vector Graphic - Fill",
              "hd": false
            }
          ],
          "ip": 0,
          "op": 80,
          "st": 0,
          "bm": 0
        },
        {
          "ddd": 0,
          "ind": 11,
          "ty": 3,
          "nm": "Null 4",
          "sr": 1,
          "ks": {
            "o": { "a": 0, "k": 0, "ix": 11 },
            "r": {
              "a": 1,
              "k": [
                {
                  "i": { "x": [0], "y": [1] },
                  "o": { "x": [0.802], "y": [0] },
                  "n": ["0_1_0p802_0"],
                  "t": 192,
                  "s": [0],
                  "e": [180]
                },
                {
                  "i": { "x": [0.833], "y": [1] },
                  "o": { "x": [0.333], "y": [0] },
                  "n": ["0p833_1_0p333_0"],
                  "t": 242,
                  "s": [180],
                  "e": [0]
                },
                {
                  "i": { "x": [0], "y": [1] },
                  "o": { "x": [0.802], "y": [0] },
                  "n": ["0_1_0p802_0"],
                  "t": 282,
                  "s": [0],
                  "e": [180]
                },
                { "t": 323 }
              ],
              "ix": 10
            },
            "p": { "a": 0, "k": [170, 150, 0], "ix": 2 },
            "a": { "a": 0, "k": [0, 0, 0], "ix": 1 },
            "s": { "a": 0, "k": [100, 100, 100], "ix": 6 }
          },
          "ao": 0,
          "ip": 162,
          "op": 244,
          "st": 162,
          "bm": 0
        },
        {
          "ddd": 0,
          "ind": 12,
          "ty": 3,
          "nm": "Null 3",
          "sr": 1,
          "ks": {
            "o": { "a": 0, "k": 0, "ix": 11 },
            "r": {
              "a": 1,
              "k": [
                {
                  "i": { "x": [0], "y": [1] },
                  "o": { "x": [0.802], "y": [0] },
                  "n": ["0_1_0p802_0"],
                  "t": 110,
                  "s": [0],
                  "e": [180]
                },
                {
                  "i": { "x": [0.833], "y": [1] },
                  "o": { "x": [0.333], "y": [0] },
                  "n": ["0p833_1_0p333_0"],
                  "t": 160,
                  "s": [180],
                  "e": [0]
                },
                {
                  "i": { "x": [0], "y": [1] },
                  "o": { "x": [0.802], "y": [0] },
                  "n": ["0_1_0p802_0"],
                  "t": 200,
                  "s": [0],
                  "e": [180]
                },
                { "t": 241 }
              ],
              "ix": 10
            },
            "p": { "a": 0, "k": [170, 150, 0], "ix": 2 },
            "a": { "a": 0, "k": [0, 0, 0], "ix": 1 },
            "s": { "a": 0, "k": [100, 100, 100], "ix": 6 }
          },
          "ao": 0,
          "ip": 80,
          "op": 162,
          "st": 80,
          "bm": 0
        },
        {
          "ddd": 0,
          "ind": 13,
          "ty": 3,
          "nm": "Null 2",
          "sr": 1,
          "ks": {
            "o": { "a": 0, "k": 0, "ix": 11 },
            "r": {
              "a": 1,
              "k": [
                {
                  "i": { "x": [0], "y": [1] },
                  "o": { "x": [0.802], "y": [0] },
                  "n": ["0_1_0p802_0"],
                  "t": 30,
                  "s": [0],
                  "e": [180]
                },
                {
                  "i": { "x": [0.833], "y": [1] },
                  "o": { "x": [0.333], "y": [0] },
                  "n": ["0p833_1_0p333_0"],
                  "t": 80,
                  "s": [180],
                  "e": [0]
                },
                {
                  "i": { "x": [0], "y": [1] },
                  "o": { "x": [0.802], "y": [0] },
                  "n": ["0_1_0p802_0"],
                  "t": 120,
                  "s": [0],
                  "e": [180]
                },
                { "t": 161 }
              ],
              "ix": 10
            },
            "p": { "a": 0, "k": [170, 150, 0], "ix": 2 },
            "a": { "a": 0, "k": [0, 0, 0], "ix": 1 },
            "s": { "a": 0, "k": [100, 100, 100], "ix": 6 }
          },
          "ao": 0,
          "ip": 0,
          "op": 80,
          "st": 0,
          "bm": 0
        }
      ]
    }
  ],
  "layers": [
    {
      "ddd": 0,
      "ind": 1,
      "ty": 0,
      "nm": "Pre-comp 14",
      "refId": "comp_0",
      "sr": 1,
      "ks": {
        "o": { "a": 0, "k": 100, "ix": 11 },
        "r": { "a": 0, "k": 0, "ix": 10 },
        "p": { "a": 0, "k": [100, 100, 0], "ix": 2 },
        "a": { "a": 0, "k": [150, 150, 0], "ix": 1 },
        "s": { "a": 0, "k": [100, 100, 100], "ix": 6 }
      },
      "ao": 0,
      "w": 300,
      "h": 300,
      "ip": 0,
      "op": 246,
      "st": 0,
      "bm": 0
    }
  ],
  "markers": []
}
